Date,Year,Month,MonthName,Quarter,QuarterName,FiscalMonth,FiscalQuarter,FiscalYear,DayOfWeek,DayOfWeekName,IsWeekend,IsHoliday,DayOfYear,WeekNumber,YearMonth,YearMonthSort
2023-01-01,2023,1,Jan,1,Q1,10,4,2022,6,Sunday,True,False,1,52,Jan 2023,202301
2023-01-02,2023,1,Jan,1,Q1,10,4,2022,0,Monday,False,True,2,1,Jan 2023,202301
2023-01-03,2023,1,Jan,1,Q1,10,4,2022,1,Tuesday,False,False,3,1,Jan 2023,202301
2023-01-04,2023,1,Jan,1,Q1,10,4,2022,2,Wednesday,False,False,4,1,Jan 2023,202301
2023-01-05,2023,1,Jan,1,Q1,10,4,2022,3,Thursday,False,False,5,1,Jan 2023,202301
2023-01-06,2023,1,Jan,1,Q1,10,4,2022,4,Friday,False,False,6,1,Jan 2023,202301
2023-01-07,2023,1,Jan,1,Q1,10,4,2022,5,Saturday,True,False,7,1,Jan 2023,202301
2023-01-08,2023,1,Jan,1,Q1,10,4,2022,6,Sunday,True,False,8,1,Jan 2023,202301
2023-01-09,2023,1,Jan,1,Q1,10,4,2022,0,Monday,False,False,9,2,Jan 2023,202301
2023-01-10,2023,1,Jan,1,Q1,10,4,2022,1,Tuesday,False,False,10,2,Jan 2023,202301
2023-01-11,2023,1,Jan,1,Q1,10,4,2022,2,Wednesday,False,False,11,2,Jan 2023,202301
2023-01-12,2023,1,Jan,1,Q1,10,4,2022,3,Thursday,False,False,12,2,Jan 2023,202301
2023-01-13,2023,1,Jan,1,Q1,10,4,2022,4,Friday,False,False,13,2,Jan 2023,202301
2023-01-14,2023,1,Jan,1,Q1,10,4,2022,5,Saturday,True,False,14,2,Jan 2023,202301
2023-01-15,2023,1,Jan,1,Q1,10,4,2022,6,Sunday,True,False,15,2,Jan 2023,202301
2023-01-16,2023,1,Jan,1,Q1,10,4,2022,0,Monday,False,False,16,3,Jan 2023,202301
2023-01-17,2023,1,Jan,1,Q1,10,4,2022,1,Tuesday,False,False,17,3,Jan 2023,202301
2023-01-18,2023,1,Jan,1,Q1,10,4,2022,2,Wednesday,False,False,18,3,Jan 2023,202301
2023-01-19,2023,1,Jan,1,Q1,10,4,2022,3,Thursday,False,False,19,3,Jan 2023,202301
2023-01-20,2023,1,Jan,1,Q1,10,4,2022,4,Friday,False,False,20,3,Jan 2023,202301
2023-01-21,2023,1,Jan,1,Q1,10,4,2022,5,Saturday,True,False,21,3,Jan 2023,202301
2023-01-22,2023,1,Jan,1,Q1,10,4,2022,6,Sunday,True,False,22,3,Jan 2023,202301
2023-01-23,2023,1,Jan,1,Q1,10,4,2022,0,Monday,False,False,23,4,Jan 2023,202301
2023-01-24,2023,1,Jan,1,Q1,10,4,2022,1,Tuesday,False,False,24,4,Jan 2023,202301
2023-01-25,2023,1,Jan,1,Q1,10,4,2022,2,Wednesday,False,False,25,4,Jan 2023,202301
2023-01-26,2023,1,Jan,1,Q1,10,4,2022,3,Thursday,False,False,26,4,Jan 2023,202301
2023-01-27,2023,1,Jan,1,Q1,10,4,2022,4,Friday,False,False,27,4,Jan 2023,202301
2023-01-28,2023,1,Jan,1,Q1,10,4,2022,5,Saturday,True,False,28,4,Jan 2023,202301
2023-01-29,2023,1,Jan,1,Q1,10,4,2022,6,Sunday,True,False,29,4,Jan 2023,202301
2023-01-30,2023,1,Jan,1,Q1,10,4,2022,0,Monday,False,False,30,5,Jan 2023,202301
2023-01-31,2023,1,Jan,1,Q1,10,4,2022,1,Tuesday,False,False,31,5,Jan 2023,202301
2023-02-01,2023,2,Feb,1,Q1,11,4,2022,2,Wednesday,False,False,32,5,Feb 2023,202302
2023-02-02,2023,2,Feb,1,Q1,11,4,2022,3,Thursday,False,False,33,5,Feb 2023,202302
2023-02-03,2023,2,Feb,1,Q1,11,4,2022,4,Friday,False,False,34,5,Feb 2023,202302
2023-02-04,2023,2,Feb,1,Q1,11,4,2022,5,Saturday,True,False,35,5,Feb 2023,202302
2023-02-05,2023,2,Feb,1,Q1,11,4,2022,6,Sunday,True,False,36,5,Feb 2023,202302
2023-02-06,2023,2,Feb,1,Q1,11,4,2022,0,Monday,False,False,37,6,Feb 2023,202302
2023-02-07,2023,2,Feb,1,Q1,11,4,2022,1,Tuesday,False,False,38,6,Feb 2023,202302
2023-02-08,2023,2,Feb,1,Q1,11,4,2022,2,Wednesday,False,False,39,6,Feb 2023,202302
2023-02-09,2023,2,Feb,1,Q1,11,4,2022,3,Thursday,False,False,40,6,Feb 2023,202302
2023-02-10,2023,2,Feb,1,Q1,11,4,2022,4,Friday,False,False,41,6,Feb 2023,202302
2023-02-11,2023,2,Feb,1,Q1,11,4,2022,5,Saturday,True,False,42,6,Feb 2023,202302
2023-02-12,2023,2,Feb,1,Q1,11,4,2022,6,Sunday,True,False,43,6,Feb 2023,202302
2023-02-13,2023,2,Feb,1,Q1,11,4,2022,0,Monday,False,False,44,7,Feb 2023,202302
2023-02-14,2023,2,Feb,1,Q1,11,4,2022,1,Tuesday,False,False,45,7,Feb 2023,202302
2023-02-15,2023,2,Feb,1,Q1,11,4,2022,2,Wednesday,False,False,46,7,Feb 2023,202302
2023-02-16,2023,2,Feb,1,Q1,11,4,2022,3,Thursday,False,False,47,7,Feb 2023,202302
2023-02-17,2023,2,Feb,1,Q1,11,4,2022,4,Friday,False,False,48,7,Feb 2023,202302
2023-02-18,2023,2,Feb,1,Q1,11,4,2022,5,Saturday,True,False,49,7,Feb 2023,202302
2023-02-19,2023,2,Feb,1,Q1,11,4,2022,6,Sunday,True,False,50,7,Feb 2023,202302
2023-02-20,2023,2,Feb,1,Q1,11,4,2022,0,Monday,False,False,51,8,Feb 2023,202302
2023-02-21,2023,2,Feb,1,Q1,11,4,2022,1,Tuesday,False,False,52,8,Feb 2023,202302
2023-02-22,2023,2,Feb,1,Q1,11,4,2022,2,Wednesday,False,False,53,8,Feb 2023,202302
2023-02-23,2023,2,Feb,1,Q1,11,4,2022,3,Thursday,False,False,54,8,Feb 2023,202302
2023-02-24,2023,2,Feb,1,Q1,11,4,2022,4,Friday,False,False,55,8,Feb 2023,202302
2023-02-25,2023,2,Feb,1,Q1,11,4,2022,5,Saturday,True,False,56,8,Feb 2023,202302
2023-02-26,2023,2,Feb,1,Q1,11,4,2022,6,Sunday,True,False,57,8,Feb 2023,202302
2023-02-27,2023,2,Feb,1,Q1,11,4,2022,0,Monday,False,False,58,9,Feb 2023,202302
2023-02-28,2023,2,Feb,1,Q1,11,4,2022,1,Tuesday,False,False,59,9,Feb 2023,202302
2023-03-01,2023,3,Mar,1,Q1,12,4,2022,2,Wednesday,False,False,60,9,Mar 2023,202303
2023-03-02,2023,3,Mar,1,Q1,12,4,2022,3,Thursday,False,False,61,9,Mar 2023,202303
2023-03-03,2023,3,Mar,1,Q1,12,4,2022,4,Friday,False,False,62,9,Mar 2023,202303
2023-03-04,2023,3,Mar,1,Q1,12,4,2022,5,Saturday,True,False,63,9,Mar 2023,202303
2023-03-05,2023,3,Mar,1,Q1,12,4,2022,6,Sunday,True,False,64,9,Mar 2023,202303
2023-03-06,2023,3,Mar,1,Q1,12,4,2022,0,Monday,False,False,65,10,Mar 2023,202303
2023-03-07,2023,3,Mar,1,Q1,12,4,2022,1,Tuesday,False,False,66,10,Mar 2023,202303
2023-03-08,2023,3,Mar,1,Q1,12,4,2022,2,Wednesday,False,False,67,10,Mar 2023,202303
2023-03-09,2023,3,Mar,1,Q1,12,4,2022,3,Thursday,False,False,68,10,Mar 2023,202303
2023-03-10,2023,3,Mar,1,Q1,12,4,2022,4,Friday,False,False,69,10,Mar 2023,202303
2023-03-11,2023,3,Mar,1,Q1,12,4,2022,5,Saturday,True,False,70,10,Mar 2023,202303
2023-03-12,2023,3,Mar,1,Q1,12,4,2022,6,Sunday,True,False,71,10,Mar 2023,202303
2023-03-13,2023,3,Mar,1,Q1,12,4,2022,0,Monday,False,False,72,11,Mar 2023,202303
2023-03-14,2023,3,Mar,1,Q1,12,4,2022,1,Tuesday,False,False,73,11,Mar 2023,202303
2023-03-15,2023,3,Mar,1,Q1,12,4,2022,2,Wednesday,False,False,74,11,Mar 2023,202303
2023-03-16,2023,3,Mar,1,Q1,12,4,2022,3,Thursday,False,False,75,11,Mar 2023,202303
2023-03-17,2023,3,Mar,1,Q1,12,4,2022,4,Friday,False,False,76,11,Mar 2023,202303
2023-03-18,2023,3,Mar,1,Q1,12,4,2022,5,Saturday,True,False,77,11,Mar 2023,202303
2023-03-19,2023,3,Mar,1,Q1,12,4,2022,6,Sunday,True,False,78,11,Mar 2023,202303
2023-03-20,2023,3,Mar,1,Q1,12,4,2022,0,Monday,False,False,79,12,Mar 2023,202303
2023-03-21,2023,3,Mar,1,Q1,12,4,2022,1,Tuesday,False,False,80,12,Mar 2023,202303
2023-03-22,2023,3,Mar,1,Q1,12,4,2022,2,Wednesday,False,False,81,12,Mar 2023,202303
2023-03-23,2023,3,Mar,1,Q1,12,4,2022,3,Thursday,False,False,82,12,Mar 2023,202303
2023-03-24,2023,3,Mar,1,Q1,12,4,2022,4,Friday,False,False,83,12,Mar 2023,202303
2023-03-25,2023,3,Mar,1,Q1,12,4,2022,5,Saturday,True,False,84,12,Mar 2023,202303
2023-03-26,2023,3,Mar,1,Q1,12,4,2022,6,Sunday,True,False,85,12,Mar 2023,202303
2023-03-27,2023,3,Mar,1,Q1,12,4,2022,0,Monday,False,False,86,13,Mar 2023,202303
2023-03-28,2023,3,Mar,1,Q1,12,4,2022,1,Tuesday,False,False,87,13,Mar 2023,202303
2023-03-29,2023,3,Mar,1,Q1,12,4,2022,2,Wednesday,False,False,88,13,Mar 2023,202303
2023-03-30,2023,3,Mar,1,Q1,12,4,2022,3,Thursday,False,False,89,13,Mar 2023,202303
2023-03-31,2023,3,Mar,1,Q1,12,4,2022,4,Friday,False,False,90,13,Mar 2023,202303
2023-04-01,2023,4,Apr,2,Q2,1,1,2023,5,Saturday,True,False,91,13,Apr 2023,202304
2023-04-02,2023,4,Apr,2,Q2,1,1,2023,6,Sunday,True,False,92,13,Apr 2023,202304
2023-04-03,2023,4,Apr,2,Q2,1,1,2023,0,Monday,False,False,93,14,Apr 2023,202304
2023-04-04,2023,4,Apr,2,Q2,1,1,2023,1,Tuesday,False,False,94,14,Apr 2023,202304
2023-04-05,2023,4,Apr,2,Q2,1,1,2023,2,Wednesday,False,False,95,14,Apr 2023,202304
2023-04-06,2023,4,Apr,2,Q2,1,1,2023,3,Thursday,False,False,96,14,Apr 2023,202304
2023-04-07,2023,4,Apr,2,Q2,1,1,2023,4,Friday,False,True,97,14,Apr 2023,202304
2023-04-08,2023,4,Apr,2,Q2,1,1,2023,5,Saturday,True,False,98,14,Apr 2023,202304
2023-04-09,2023,4,Apr,2,Q2,1,1,2023,6,Sunday,True,False,99,14,Apr 2023,202304
2023-04-10,2023,4,Apr,2,Q2,1,1,2023,0,Monday,False,True,100,15,Apr 2023,202304
2023-04-11,2023,4,Apr,2,Q2,1,1,2023,1,Tuesday,False,False,101,15,Apr 2023,202304
2023-04-12,2023,4,Apr,2,Q2,1,1,2023,2,Wednesday,False,False,102,15,Apr 2023,202304
2023-04-13,2023,4,Apr,2,Q2,1,1,2023,3,Thursday,False,False,103,15,Apr 2023,202304
2023-04-14,2023,4,Apr,2,Q2,1,1,2023,4,Friday,False,False,104,15,Apr 2023,202304
2023-04-15,2023,4,Apr,2,Q2,1,1,2023,5,Saturday,True,False,105,15,Apr 2023,202304
2023-04-16,2023,4,Apr,2,Q2,1,1,2023,6,Sunday,True,False,106,15,Apr 2023,202304
2023-04-17,2023,4,Apr,2,Q2,1,1,2023,0,Monday,False,False,107,16,Apr 2023,202304
2023-04-18,2023,4,Apr,2,Q2,1,1,2023,1,Tuesday,False,False,108,16,Apr 2023,202304
2023-04-19,2023,4,Apr,2,Q2,1,1,2023,2,Wednesday,False,False,109,16,Apr 2023,202304
2023-04-20,2023,4,Apr,2,Q2,1,1,2023,3,Thursday,False,False,110,16,Apr 2023,202304
2023-04-21,2023,4,Apr,2,Q2,1,1,2023,4,Friday,False,False,111,16,Apr 2023,202304
2023-04-22,2023,4,Apr,2,Q2,1,1,2023,5,Saturday,True,False,112,16,Apr 2023,202304
2023-04-23,2023,4,Apr,2,Q2,1,1,2023,6,Sunday,True,False,113,16,Apr 2023,202304
2023-04-24,2023,4,Apr,2,Q2,1,1,2023,0,Monday,False,False,114,17,Apr 2023,202304
2023-04-25,2023,4,Apr,2,Q2,1,1,2023,1,Tuesday,False,False,115,17,Apr 2023,202304
2023-04-26,2023,4,Apr,2,Q2,1,1,2023,2,Wednesday,False,False,116,17,Apr 2023,202304
2023-04-27,2023,4,Apr,2,Q2,1,1,2023,3,Thursday,False,False,117,17,Apr 2023,202304
2023-04-28,2023,4,Apr,2,Q2,1,1,2023,4,Friday,False,False,118,17,Apr 2023,202304
2023-04-29,2023,4,Apr,2,Q2,1,1,2023,5,Saturday,True,False,119,17,Apr 2023,202304
2023-04-30,2023,4,Apr,2,Q2,1,1,2023,6,Sunday,True,False,120,17,Apr 2023,202304
2023-05-01,2023,5,May,2,Q2,2,1,2023,0,Monday,False,True,121,18,May 2023,202305
2023-05-02,2023,5,May,2,Q2,2,1,2023,1,Tuesday,False,False,122,18,May 2023,202305
2023-05-03,2023,5,May,2,Q2,2,1,2023,2,Wednesday,False,False,123,18,May 2023,202305
2023-05-04,2023,5,May,2,Q2,2,1,2023,3,Thursday,False,False,124,18,May 2023,202305
2023-05-05,2023,5,May,2,Q2,2,1,2023,4,Friday,False,False,125,18,May 2023,202305
2023-05-06,2023,5,May,2,Q2,2,1,2023,5,Saturday,True,False,126,18,May 2023,202305
2023-05-07,2023,5,May,2,Q2,2,1,2023,6,Sunday,True,False,127,18,May 2023,202305
2023-05-08,2023,5,May,2,Q2,2,1,2023,0,Monday,False,False,128,19,May 2023,202305
2023-05-09,2023,5,May,2,Q2,2,1,2023,1,Tuesday,False,False,129,19,May 2023,202305
2023-05-10,2023,5,May,2,Q2,2,1,2023,2,Wednesday,False,False,130,19,May 2023,202305
2023-05-11,2023,5,May,2,Q2,2,1,2023,3,Thursday,False,False,131,19,May 2023,202305
2023-05-12,2023,5,May,2,Q2,2,1,2023,4,Friday,False,False,132,19,May 2023,202305
2023-05-13,2023,5,May,2,Q2,2,1,2023,5,Saturday,True,False,133,19,May 2023,202305
2023-05-14,2023,5,May,2,Q2,2,1,2023,6,Sunday,True,False,134,19,May 2023,202305
2023-05-15,2023,5,May,2,Q2,2,1,2023,0,Monday,False,False,135,20,May 2023,202305
2023-05-16,2023,5,May,2,Q2,2,1,2023,1,Tuesday,False,False,136,20,May 2023,202305
2023-05-17,2023,5,May,2,Q2,2,1,2023,2,Wednesday,False,False,137,20,May 2023,202305
2023-05-18,2023,5,May,2,Q2,2,1,2023,3,Thursday,False,False,138,20,May 2023,202305
2023-05-19,2023,5,May,2,Q2,2,1,2023,4,Friday,False,False,139,20,May 2023,202305
2023-05-20,2023,5,May,2,Q2,2,1,2023,5,Saturday,True,False,140,20,May 2023,202305
2023-05-21,2023,5,May,2,Q2,2,1,2023,6,Sunday,True,False,141,20,May 2023,202305
2023-05-22,2023,5,May,2,Q2,2,1,2023,0,Monday,False,False,142,21,May 2023,202305
2023-05-23,2023,5,May,2,Q2,2,1,2023,1,Tuesday,False,False,143,21,May 2023,202305
2023-05-24,2023,5,May,2,Q2,2,1,2023,2,Wednesday,False,False,144,21,May 2023,202305
2023-05-25,2023,5,May,2,Q2,2,1,2023,3,Thursday,False,False,145,21,May 2023,202305
2023-05-26,2023,5,May,2,Q2,2,1,2023,4,Friday,False,False,146,21,May 2023,202305
2023-05-27,2023,5,May,2,Q2,2,1,2023,5,Saturday,True,False,147,21,May 2023,202305
2023-05-28,2023,5,May,2,Q2,2,1,2023,6,Sunday,True,False,148,21,May 2023,202305
2023-05-29,2023,5,May,2,Q2,2,1,2023,0,Monday,False,True,149,22,May 2023,202305
2023-05-30,2023,5,May,2,Q2,2,1,2023,1,Tuesday,False,False,150,22,May 2023,202305
2023-05-31,2023,5,May,2,Q2,2,1,2023,2,Wednesday,False,False,151,22,May 2023,202305
2023-06-01,2023,6,Jun,2,Q2,3,1,2023,3,Thursday,False,False,152,22,Jun 2023,202306
2023-06-02,2023,6,Jun,2,Q2,3,1,2023,4,Friday,False,False,153,22,Jun 2023,202306
2023-06-03,2023,6,Jun,2,Q2,3,1,2023,5,Saturday,True,False,154,22,Jun 2023,202306
2023-06-04,2023,6,Jun,2,Q2,3,1,2023,6,Sunday,True,False,155,22,Jun 2023,202306
2023-06-05,2023,6,Jun,2,Q2,3,1,2023,0,Monday,False,False,156,23,Jun 2023,202306
2023-06-06,2023,6,Jun,2,Q2,3,1,2023,1,Tuesday,False,False,157,23,Jun 2023,202306
2023-06-07,2023,6,Jun,2,Q2,3,1,2023,2,Wednesday,False,False,158,23,Jun 2023,202306
2023-06-08,2023,6,Jun,2,Q2,3,1,2023,3,Thursday,False,False,159,23,Jun 2023,202306
2023-06-09,2023,6,Jun,2,Q2,3,1,2023,4,Friday,False,False,160,23,Jun 2023,202306
2023-06-10,2023,6,Jun,2,Q2,3,1,2023,5,Saturday,True,False,161,23,Jun 2023,202306
2023-06-11,2023,6,Jun,2,Q2,3,1,2023,6,Sunday,True,False,162,23,Jun 2023,202306
2023-06-12,2023,6,Jun,2,Q2,3,1,2023,0,Monday,False,False,163,24,Jun 2023,202306
2023-06-13,2023,6,Jun,2,Q2,3,1,2023,1,Tuesday,False,False,164,24,Jun 2023,202306
2023-06-14,2023,6,Jun,2,Q2,3,1,2023,2,Wednesday,False,False,165,24,Jun 2023,202306
2023-06-15,2023,6,Jun,2,Q2,3,1,2023,3,Thursday,False,False,166,24,Jun 2023,202306
2023-06-16,2023,6,Jun,2,Q2,3,1,2023,4,Friday,False,False,167,24,Jun 2023,202306
2023-06-17,2023,6,Jun,2,Q2,3,1,2023,5,Saturday,True,False,168,24,Jun 2023,202306
2023-06-18,2023,6,Jun,2,Q2,3,1,2023,6,Sunday,True,False,169,24,Jun 2023,202306
2023-06-19,2023,6,Jun,2,Q2,3,1,2023,0,Monday,False,False,170,25,Jun 2023,202306
2023-06-20,2023,6,Jun,2,Q2,3,1,2023,1,Tuesday,False,False,171,25,Jun 2023,202306
2023-06-21,2023,6,Jun,2,Q2,3,1,2023,2,Wednesday,False,False,172,25,Jun 2023,202306
2023-06-22,2023,6,Jun,2,Q2,3,1,2023,3,Thursday,False,False,173,25,Jun 2023,202306
2023-06-23,2023,6,Jun,2,Q2,3,1,2023,4,Friday,False,False,174,25,Jun 2023,202306
2023-06-24,2023,6,Jun,2,Q2,3,1,2023,5,Saturday,True,False,175,25,Jun 2023,202306
2023-06-25,2023,6,Jun,2,Q2,3,1,2023,6,Sunday,True,False,176,25,Jun 2023,202306
2023-06-26,2023,6,Jun,2,Q2,3,1,2023,0,Monday,False,False,177,26,Jun 2023,202306
2023-06-27,2023,6,Jun,2,Q2,3,1,2023,1,Tuesday,False,False,178,26,Jun 2023,202306
2023-06-28,2023,6,Jun,2,Q2,3,1,2023,2,Wednesday,False,False,179,26,Jun 2023,202306
2023-06-29,2023,6,Jun,2,Q2,3,1,2023,3,Thursday,False,False,180,26,Jun 2023,202306
2023-06-30,2023,6,Jun,2,Q2,3,1,2023,4,Friday,False,False,181,26,Jun 2023,202306
2023-07-01,2023,7,Jul,3,Q3,4,2,2023,5,Saturday,True,False,182,26,Jul 2023,202307
2023-07-02,2023,7,Jul,3,Q3,4,2,2023,6,Sunday,True,False,183,26,Jul 2023,202307
2023-07-03,2023,7,Jul,3,Q3,4,2,2023,0,Monday,False,False,184,27,Jul 2023,202307
2023-07-04,2023,7,Jul,3,Q3,4,2,2023,1,Tuesday,False,False,185,27,Jul 2023,202307
2023-07-05,2023,7,Jul,3,Q3,4,2,2023,2,Wednesday,False,False,186,27,Jul 2023,202307
2023-07-06,2023,7,Jul,3,Q3,4,2,2023,3,Thursday,False,False,187,27,Jul 2023,202307
2023-07-07,2023,7,Jul,3,Q3,4,2,2023,4,Friday,False,False,188,27,Jul 2023,202307
2023-07-08,2023,7,Jul,3,Q3,4,2,2023,5,Saturday,True,False,189,27,Jul 2023,202307
2023-07-09,2023,7,Jul,3,Q3,4,2,2023,6,Sunday,True,False,190,27,Jul 2023,202307
2023-07-10,2023,7,Jul,3,Q3,4,2,2023,0,Monday,False,False,191,28,Jul 2023,202307
2023-07-11,2023,7,Jul,3,Q3,4,2,2023,1,Tuesday,False,False,192,28,Jul 2023,202307
2023-07-12,2023,7,Jul,3,Q3,4,2,2023,2,Wednesday,False,False,193,28,Jul 2023,202307
2023-07-13,2023,7,Jul,3,Q3,4,2,2023,3,Thursday,False,False,194,28,Jul 2023,202307
2023-07-14,2023,7,Jul,3,Q3,4,2,2023,4,Friday,False,True,195,28,Jul 2023,202307
2023-07-15,2023,7,Jul,3,Q3,4,2,2023,5,Saturday,True,False,196,28,Jul 2023,202307
2023-07-16,2023,7,Jul,3,Q3,4,2,2023,6,Sunday,True,False,197,28,Jul 2023,202307
2023-07-17,2023,7,Jul,3,Q3,4,2,2023,0,Monday,False,False,198,29,Jul 2023,202307
2023-07-18,2023,7,Jul,3,Q3,4,2,2023,1,Tuesday,False,False,199,29,Jul 2023,202307
2023-07-19,2023,7,Jul,3,Q3,4,2,2023,2,Wednesday,False,False,200,29,Jul 2023,202307
2023-07-20,2023,7,Jul,3,Q3,4,2,2023,3,Thursday,False,False,201,29,Jul 2023,202307
2023-07-21,2023,7,Jul,3,Q3,4,2,2023,4,Friday,False,False,202,29,Jul 2023,202307
2023-07-22,2023,7,Jul,3,Q3,4,2,2023,5,Saturday,True,False,203,29,Jul 2023,202307
2023-07-23,2023,7,Jul,3,Q3,4,2,2023,6,Sunday,True,False,204,29,Jul 2023,202307
2023-07-24,2023,7,Jul,3,Q3,4,2,2023,0,Monday,False,False,205,30,Jul 2023,202307
2023-07-25,2023,7,Jul,3,Q3,4,2,2023,1,Tuesday,False,False,206,30,Jul 2023,202307
2023-07-26,2023,7,Jul,3,Q3,4,2,2023,2,Wednesday,False,False,207,30,Jul 2023,202307
2023-07-27,2023,7,Jul,3,Q3,4,2,2023,3,Thursday,False,False,208,30,Jul 2023,202307
2023-07-28,2023,7,Jul,3,Q3,4,2,2023,4,Friday,False,False,209,30,Jul 2023,202307
2023-07-29,2023,7,Jul,3,Q3,4,2,2023,5,Saturday,True,False,210,30,Jul 2023,202307
2023-07-30,2023,7,Jul,3,Q3,4,2,2023,6,Sunday,True,False,211,30,Jul 2023,202307
2023-07-31,2023,7,Jul,3,Q3,4,2,2023,0,Monday,False,False,212,31,Jul 2023,202307
2023-08-01,2023,8,Aug,3,Q3,5,2,2023,1,Tuesday,False,False,213,31,Aug 2023,202308
2023-08-02,2023,8,Aug,3,Q3,5,2,2023,2,Wednesday,False,False,214,31,Aug 2023,202308
2023-08-03,2023,8,Aug,3,Q3,5,2,2023,3,Thursday,False,False,215,31,Aug 2023,202308
2023-08-04,2023,8,Aug,3,Q3,5,2,2023,4,Friday,False,False,216,31,Aug 2023,202308
2023-08-05,2023,8,Aug,3,Q3,5,2,2023,5,Saturday,True,False,217,31,Aug 2023,202308
2023-08-06,2023,8,Aug,3,Q3,5,2,2023,6,Sunday,True,False,218,31,Aug 2023,202308
2023-08-07,2023,8,Aug,3,Q3,5,2,2023,0,Monday,False,False,219,32,Aug 2023,202308
2023-08-08,2023,8,Aug,3,Q3,5,2,2023,1,Tuesday,False,False,220,32,Aug 2023,202308
2023-08-09,2023,8,Aug,3,Q3,5,2,2023,2,Wednesday,False,False,221,32,Aug 2023,202308
2023-08-10,2023,8,Aug,3,Q3,5,2,2023,3,Thursday,False,False,222,32,Aug 2023,202308
2023-08-11,2023,8,Aug,3,Q3,5,2,2023,4,Friday,False,False,223,32,Aug 2023,202308
2023-08-12,2023,8,Aug,3,Q3,5,2,2023,5,Saturday,True,False,224,32,Aug 2023,202308
2023-08-13,2023,8,Aug,3,Q3,5,2,2023,6,Sunday,True,False,225,32,Aug 2023,202308
2023-08-14,2023,8,Aug,3,Q3,5,2,2023,0,Monday,False,False,226,33,Aug 2023,202308
2023-08-15,2023,8,Aug,3,Q3,5,2,2023,1,Tuesday,False,False,227,33,Aug 2023,202308
2023-08-16,2023,8,Aug,3,Q3,5,2,2023,2,Wednesday,False,False,228,33,Aug 2023,202308
2023-08-17,2023,8,Aug,3,Q3,5,2,2023,3,Thursday,False,False,229,33,Aug 2023,202308
2023-08-18,2023,8,Aug,3,Q3,5,2,2023,4,Friday,False,False,230,33,Aug 2023,202308
2023-08-19,2023,8,Aug,3,Q3,5,2,2023,5,Saturday,True,False,231,33,Aug 2023,202308
2023-08-20,2023,8,Aug,3,Q3,5,2,2023,6,Sunday,True,False,232,33,Aug 2023,202308
2023-08-21,2023,8,Aug,3,Q3,5,2,2023,0,Monday,False,False,233,34,Aug 2023,202308
2023-08-22,2023,8,Aug,3,Q3,5,2,2023,1,Tuesday,False,False,234,34,Aug 2023,202308
2023-08-23,2023,8,Aug,3,Q3,5,2,2023,2,Wednesday,False,False,235,34,Aug 2023,202308
2023-08-24,2023,8,Aug,3,Q3,5,2,2023,3,Thursday,False,False,236,34,Aug 2023,202308
2023-08-25,2023,8,Aug,3,Q3,5,2,2023,4,Friday,False,False,237,34,Aug 2023,202308
2023-08-26,2023,8,Aug,3,Q3,5,2,2023,5,Saturday,True,False,238,34,Aug 2023,202308
2023-08-27,2023,8,Aug,3,Q3,5,2,2023,6,Sunday,True,False,239,34,Aug 2023,202308
2023-08-28,2023,8,Aug,3,Q3,5,2,2023,0,Monday,False,True,240,35,Aug 2023,202308
2023-08-29,2023,8,Aug,3,Q3,5,2,2023,1,Tuesday,False,False,241,35,Aug 2023,202308
2023-08-30,2023,8,Aug,3,Q3,5,2,2023,2,Wednesday,False,False,242,35,Aug 2023,202308
2023-08-31,2023,8,Aug,3,Q3,5,2,2023,3,Thursday,False,False,243,35,Aug 2023,202308
2023-09-01,2023,9,Sep,3,Q3,6,2,2023,4,Friday,False,False,244,35,Sep 2023,202309
2023-09-02,2023,9,Sep,3,Q3,6,2,2023,5,Saturday,True,False,245,35,Sep 2023,202309
2023-09-03,2023,9,Sep,3,Q3,6,2,2023,6,Sunday,True,False,246,35,Sep 2023,202309
2023-09-04,2023,9,Sep,3,Q3,6,2,2023,0,Monday,False,False,247,36,Sep 2023,202309
2023-09-05,2023,9,Sep,3,Q3,6,2,2023,1,Tuesday,False,False,248,36,Sep 2023,202309
2023-09-06,2023,9,Sep,3,Q3,6,2,2023,2,Wednesday,False,False,249,36,Sep 2023,202309
2023-09-07,2023,9,Sep,3,Q3,6,2,2023,3,Thursday,False,False,250,36,Sep 2023,202309
2023-09-08,2023,9,Sep,3,Q3,6,2,2023,4,Friday,False,False,251,36,Sep 2023,202309
2023-09-09,2023,9,Sep,3,Q3,6,2,2023,5,Saturday,True,False,252,36,Sep 2023,202309
2023-09-10,2023,9,Sep,3,Q3,6,2,2023,6,Sunday,True,False,253,36,Sep 2023,202309
2023-09-11,2023,9,Sep,3,Q3,6,2,2023,0,Monday,False,False,254,37,Sep 2023,202309
2023-09-12,2023,9,Sep,3,Q3,6,2,2023,1,Tuesday,False,False,255,37,Sep 2023,202309
2023-09-13,2023,9,Sep,3,Q3,6,2,2023,2,Wednesday,False,False,256,37,Sep 2023,202309
2023-09-14,2023,9,Sep,3,Q3,6,2,2023,3,Thursday,False,False,257,37,Sep 2023,202309
2023-09-15,2023,9,Sep,3,Q3,6,2,2023,4,Friday,False,False,258,37,Sep 2023,202309
2023-09-16,2023,9,Sep,3,Q3,6,2,2023,5,Saturday,True,False,259,37,Sep 2023,202309
2023-09-17,2023,9,Sep,3,Q3,6,2,2023,6,Sunday,True,False,260,37,Sep 2023,202309
2023-09-18,2023,9,Sep,3,Q3,6,2,2023,0,Monday,False,False,261,38,Sep 2023,202309
2023-09-19,2023,9,Sep,3,Q3,6,2,2023,1,Tuesday,False,False,262,38,Sep 2023,202309
2023-09-20,2023,9,Sep,3,Q3,6,2,2023,2,Wednesday,False,False,263,38,Sep 2023,202309
2023-09-21,2023,9,Sep,3,Q3,6,2,2023,3,Thursday,False,False,264,38,Sep 2023,202309
2023-09-22,2023,9,Sep,3,Q3,6,2,2023,4,Friday,False,False,265,38,Sep 2023,202309
2023-09-23,2023,9,Sep,3,Q3,6,2,2023,5,Saturday,True,False,266,38,Sep 2023,202309
2023-09-24,2023,9,Sep,3,Q3,6,2,2023,6,Sunday,True,False,267,38,Sep 2023,202309
2023-09-25,2023,9,Sep,3,Q3,6,2,2023,0,Monday,False,False,268,39,Sep 2023,202309
2023-09-26,2023,9,Sep,3,Q3,6,2,2023,1,Tuesday,False,False,269,39,Sep 2023,202309
2023-09-27,2023,9,Sep,3,Q3,6,2,2023,2,Wednesday,False,False,270,39,Sep 2023,202309
2023-09-28,2023,9,Sep,3,Q3,6,2,2023,3,Thursday,False,False,271,39,Sep 2023,202309
2023-09-29,2023,9,Sep,3,Q3,6,2,2023,4,Friday,False,False,272,39,Sep 2023,202309
2023-09-30,2023,9,Sep,3,Q3,6,2,2023,5,Saturday,True,False,273,39,Sep 2023,202309
2023-10-01,2023,10,Oct,4,Q4,7,3,2023,6,Sunday,True,False,274,39,Oct 2023,202310
2023-10-02,2023,10,Oct,4,Q4,7,3,2023,0,Monday,False,False,275,40,Oct 2023,202310
2023-10-03,2023,10,Oct,4,Q4,7,3,2023,1,Tuesday,False,True,276,40,Oct 2023,202310
2023-10-04,2023,10,Oct,4,Q4,7,3,2023,2,Wednesday,False,False,277,40,Oct 2023,202310
2023-10-05,2023,10,Oct,4,Q4,7,3,2023,3,Thursday,False,False,278,40,Oct 2023,202310
2023-10-06,2023,10,Oct,4,Q4,7,3,2023,4,Friday,False,False,279,40,Oct 2023,202310
2023-10-07,2023,10,Oct,4,Q4,7,3,2023,5,Saturday,True,False,280,40,Oct 2023,202310
2023-10-08,2023,10,Oct,4,Q4,7,3,2023,6,Sunday,True,False,281,40,Oct 2023,202310
2023-10-09,2023,10,Oct,4,Q4,7,3,2023,0,Monday,False,False,282,41,Oct 2023,202310
2023-10-10,2023,10,Oct,4,Q4,7,3,2023,1,Tuesday,False,False,283,41,Oct 2023,202310
2023-10-11,2023,10,Oct,4,Q4,7,3,2023,2,Wednesday,False,False,284,41,Oct 2023,202310
2023-10-12,2023,10,Oct,4,Q4,7,3,2023,3,Thursday,False,True,285,41,Oct 2023,202310
2023-10-13,2023,10,Oct,4,Q4,7,3,2023,4,Friday,False,False,286,41,Oct 2023,202310
2023-10-14,2023,10,Oct,4,Q4,7,3,2023,5,Saturday,True,False,287,41,Oct 2023,202310
2023-10-15,2023,10,Oct,4,Q4,7,3,2023,6,Sunday,True,False,288,41,Oct 2023,202310
2023-10-16,2023,10,Oct,4,Q4,7,3,2023,0,Monday,False,False,289,42,Oct 2023,202310
2023-10-17,2023,10,Oct,4,Q4,7,3,2023,1,Tuesday,False,False,290,42,Oct 2023,202310
2023-10-18,2023,10,Oct,4,Q4,7,3,2023,2,Wednesday,False,False,291,42,Oct 2023,202310
2023-10-19,2023,10,Oct,4,Q4,7,3,2023,3,Thursday,False,False,292,42,Oct 2023,202310
2023-10-20,2023,10,Oct,4,Q4,7,3,2023,4,Friday,False,False,293,42,Oct 2023,202310
2023-10-21,2023,10,Oct,4,Q4,7,3,2023,5,Saturday,True,False,294,42,Oct 2023,202310
2023-10-22,2023,10,Oct,4,Q4,7,3,2023,6,Sunday,True,False,295,42,Oct 2023,202310
2023-10-23,2023,10,Oct,4,Q4,7,3,2023,0,Monday,False,False,296,43,Oct 2023,202310
2023-10-24,2023,10,Oct,4,Q4,7,3,2023,1,Tuesday,False,False,297,43,Oct 2023,202310
2023-10-25,2023,10,Oct,4,Q4,7,3,2023,2,Wednesday,False,False,298,43,Oct 2023,202310
2023-10-26,2023,10,Oct,4,Q4,7,3,2023,3,Thursday,False,False,299,43,Oct 2023,202310
2023-10-27,2023,10,Oct,4,Q4,7,3,2023,4,Friday,False,False,300,43,Oct 2023,202310
2023-10-28,2023,10,Oct,4,Q4,7,3,2023,5,Saturday,True,False,301,43,Oct 2023,202310
2023-10-29,2023,10,Oct,4,Q4,7,3,2023,6,Sunday,True,False,302,43,Oct 2023,202310
2023-10-30,2023,10,Oct,4,Q4,7,3,2023,0,Monday,False,False,303,44,Oct 2023,202310
2023-10-31,2023,10,Oct,4,Q4,7,3,2023,1,Tuesday,False,False,304,44,Oct 2023,202310
2023-11-01,2023,11,Nov,4,Q4,8,3,2023,2,Wednesday,False,True,305,44,Nov 2023,202311
2023-11-02,2023,11,Nov,4,Q4,8,3,2023,3,Thursday,False,False,306,44,Nov 2023,202311
2023-11-03,2023,11,Nov,4,Q4,8,3,2023,4,Friday,False,False,307,44,Nov 2023,202311
2023-11-04,2023,11,Nov,4,Q4,8,3,2023,5,Saturday,True,False,308,44,Nov 2023,202311
2023-11-05,2023,11,Nov,4,Q4,8,3,2023,6,Sunday,True,False,309,44,Nov 2023,202311
2023-11-06,2023,11,Nov,4,Q4,8,3,2023,0,Monday,False,False,310,45,Nov 2023,202311
2023-11-07,2023,11,Nov,4,Q4,8,3,2023,1,Tuesday,False,False,311,45,Nov 2023,202311
2023-11-08,2023,11,Nov,4,Q4,8,3,2023,2,Wednesday,False,False,312,45,Nov 2023,202311
2023-11-09,2023,11,Nov,4,Q4,8,3,2023,3,Thursday,False,False,313,45,Nov 2023,202311
2023-11-10,2023,11,Nov,4,Q4,8,3,2023,4,Friday,False,False,314,45,Nov 2023,202311
2023-11-11,2023,11,Nov,4,Q4,8,3,2023,5,Saturday,True,False,315,45,Nov 2023,202311
2023-11-12,2023,11,Nov,4,Q4,8,3,2023,6,Sunday,True,False,316,45,Nov 2023,202311
2023-11-13,2023,11,Nov,4,Q4,8,3,2023,0,Monday,False,False,317,46,Nov 2023,202311
2023-11-14,2023,11,Nov,4,Q4,8,3,2023,1,Tuesday,False,False,318,46,Nov 2023,202311
2023-11-15,2023,11,Nov,4,Q4,8,3,2023,2,Wednesday,False,False,319,46,Nov 2023,202311
2023-11-16,2023,11,Nov,4,Q4,8,3,2023,3,Thursday,False,False,320,46,Nov 2023,202311
2023-11-17,2023,11,Nov,4,Q4,8,3,2023,4,Friday,False,False,321,46,Nov 2023,202311
2023-11-18,2023,11,Nov,4,Q4,8,3,2023,5,Saturday,True,False,322,46,Nov 2023,202311
2023-11-19,2023,11,Nov,4,Q4,8,3,2023,6,Sunday,True,False,323,46,Nov 2023,202311
2023-11-20,2023,11,Nov,4,Q4,8,3,2023,0,Monday,False,False,324,47,Nov 2023,202311
2023-11-21,2023,11,Nov,4,Q4,8,3,2023,1,Tuesday,False,False,325,47,Nov 2023,202311
2023-11-22,2023,11,Nov,4,Q4,8,3,2023,2,Wednesday,False,False,326,47,Nov 2023,202311
2023-11-23,2023,11,Nov,4,Q4,8,3,2023,3,Thursday,False,False,327,47,Nov 2023,202311
2023-11-24,2023,11,Nov,4,Q4,8,3,2023,4,Friday,False,False,328,47,Nov 2023,202311
2023-11-25,2023,11,Nov,4,Q4,8,3,2023,5,Saturday,True,False,329,47,Nov 2023,202311
2023-11-26,2023,11,Nov,4,Q4,8,3,2023,6,Sunday,True,False,330,47,Nov 2023,202311
2023-11-27,2023,11,Nov,4,Q4,8,3,2023,0,Monday,False,False,331,48,Nov 2023,202311
2023-11-28,2023,11,Nov,4,Q4,8,3,2023,1,Tuesday,False,False,332,48,Nov 2023,202311
2023-11-29,2023,11,Nov,4,Q4,8,3,2023,2,Wednesday,False,False,333,48,Nov 2023,202311
2023-11-30,2023,11,Nov,4,Q4,8,3,2023,3,Thursday,False,False,334,48,Nov 2023,202311
2023-12-01,2023,12,Dec,4,Q4,9,3,2023,4,Friday,False,False,335,48,Dec 2023,202312
2023-12-02,2023,12,Dec,4,Q4,9,3,2023,5,Saturday,True,False,336,48,Dec 2023,202312
2023-12-03,2023,12,Dec,4,Q4,9,3,2023,6,Sunday,True,False,337,48,Dec 2023,202312
2023-12-04,2023,12,Dec,4,Q4,9,3,2023,0,Monday,False,False,338,49,Dec 2023,202312
2023-12-05,2023,12,Dec,4,Q4,9,3,2023,1,Tuesday,False,False,339,49,Dec 2023,202312
2023-12-06,2023,12,Dec,4,Q4,9,3,2023,2,Wednesday,False,True,340,49,Dec 2023,202312
2023-12-07,2023,12,Dec,4,Q4,9,3,2023,3,Thursday,False,False,341,49,Dec 2023,202312
2023-12-08,2023,12,Dec,4,Q4,9,3,2023,4,Friday,False,True,342,49,Dec 2023,202312
2023-12-09,2023,12,Dec,4,Q4,9,3,2023,5,Saturday,True,False,343,49,Dec 2023,202312
2023-12-10,2023,12,Dec,4,Q4,9,3,2023,6,Sunday,True,False,344,49,Dec 2023,202312
2023-12-11,2023,12,Dec,4,Q4,9,3,2023,0,Monday,False,False,345,50,Dec 2023,202312
2023-12-12,2023,12,Dec,4,Q4,9,3,2023,1,Tuesday,False,False,346,50,Dec 2023,202312
2023-12-13,2023,12,Dec,4,Q4,9,3,2023,2,Wednesday,False,False,347,50,Dec 2023,202312
2023-12-14,2023,12,Dec,4,Q4,9,3,2023,3,Thursday,False,False,348,50,Dec 2023,202312
2023-12-15,2023,12,Dec,4,Q4,9,3,2023,4,Friday,False,False,349,50,Dec 2023,202312
2023-12-16,2023,12,Dec,4,Q4,9,3,2023,5,Saturday,True,False,350,50,Dec 2023,202312
2023-12-17,2023,12,Dec,4,Q4,9,3,2023,6,Sunday,True,False,351,50,Dec 2023,202312
2023-12-18,2023,12,Dec,4,Q4,9,3,2023,0,Monday,False,False,352,51,Dec 2023,202312
2023-12-19,2023,12,Dec,4,Q4,9,3,2023,1,Tuesday,False,False,353,51,Dec 2023,202312
2023-12-20,2023,12,Dec,4,Q4,9,3,2023,2,Wednesday,False,False,354,51,Dec 2023,202312
2023-12-21,2023,12,Dec,4,Q4,9,3,2023,3,Thursday,False,False,355,51,Dec 2023,202312
2023-12-22,2023,12,Dec,4,Q4,9,3,2023,4,Friday,False,False,356,51,Dec 2023,202312
2023-12-23,2023,12,Dec,4,Q4,9,3,2023,5,Saturday,True,False,357,51,Dec 2023,202312
2023-12-24,2023,12,Dec,4,Q4,9,3,2023,6,Sunday,True,False,358,51,Dec 2023,202312
2023-12-25,2023,12,Dec,4,Q4,9,3,2023,0,Monday,False,True,359,52,Dec 2023,202312
2023-12-26,2023,12,Dec,4,Q4,9,3,2023,1,Tuesday,False,True,360,52,Dec 2023,202312
2023-12-27,2023,12,Dec,4,Q4,9,3,2023,2,Wednesday,False,False,361,52,Dec 2023,202312
2023-12-28,2023,12,Dec,4,Q4,9,3,2023,3,Thursday,False,False,362,52,Dec 2023,202312
2023-12-29,2023,12,Dec,4,Q4,9,3,2023,4,Friday,False,False,363,52,Dec 2023,202312
2023-12-30,2023,12,Dec,4,Q4,9,3,2023,5,Saturday,True,False,364,52,Dec 2023,202312
2023-12-31,2023,12,Dec,4,Q4,9,3,2023,6,Sunday,True,False,365,52,Dec 2023,202312
2024-01-01,2024,1,Jan,1,Q1,10,4,2023,0,Monday,False,True,1,1,Jan 2024,202401
2024-01-02,2024,1,Jan,1,Q1,10,4,2023,1,Tuesday,False,False,2,1,Jan 2024,202401
2024-01-03,2024,1,Jan,1,Q1,10,4,2023,2,Wednesday,False,False,3,1,Jan 2024,202401
2024-01-04,2024,1,Jan,1,Q1,10,4,2023,3,Thursday,False,False,4,1,Jan 2024,202401
2024-01-05,2024,1,Jan,1,Q1,10,4,2023,4,Friday,False,False,5,1,Jan 2024,202401
2024-01-06,2024,1,Jan,1,Q1,10,4,2023,5,Saturday,True,False,6,1,Jan 2024,202401
2024-01-07,2024,1,Jan,1,Q1,10,4,2023,6,Sunday,True,False,7,1,Jan 2024,202401
2024-01-08,2024,1,Jan,1,Q1,10,4,2023,0,Monday,False,False,8,2,Jan 2024,202401
2024-01-09,2024,1,Jan,1,Q1,10,4,2023,1,Tuesday,False,False,9,2,Jan 2024,202401
2024-01-10,2024,1,Jan,1,Q1,10,4,2023,2,Wednesday,False,False,10,2,Jan 2024,202401
2024-01-11,2024,1,Jan,1,Q1,10,4,2023,3,Thursday,False,False,11,2,Jan 2024,202401
2024-01-12,2024,1,Jan,1,Q1,10,4,2023,4,Friday,False,False,12,2,Jan 2024,202401
2024-01-13,2024,1,Jan,1,Q1,10,4,2023,5,Saturday,True,False,13,2,Jan 2024,202401
2024-01-14,2024,1,Jan,1,Q1,10,4,2023,6,Sunday,True,False,14,2,Jan 2024,202401
2024-01-15,2024,1,Jan,1,Q1,10,4,2023,0,Monday,False,False,15,3,Jan 2024,202401
2024-01-16,2024,1,Jan,1,Q1,10,4,2023,1,Tuesday,False,False,16,3,Jan 2024,202401
2024-01-17,2024,1,Jan,1,Q1,10,4,2023,2,Wednesday,False,False,17,3,Jan 2024,202401
2024-01-18,2024,1,Jan,1,Q1,10,4,2023,3,Thursday,False,False,18,3,Jan 2024,202401
2024-01-19,2024,1,Jan,1,Q1,10,4,2023,4,Friday,False,False,19,3,Jan 2024,202401
2024-01-20,2024,1,Jan,1,Q1,10,4,2023,5,Saturday,True,False,20,3,Jan 2024,202401
2024-01-21,2024,1,Jan,1,Q1,10,4,2023,6,Sunday,True,False,21,3,Jan 2024,202401
2024-01-22,2024,1,Jan,1,Q1,10,4,2023,0,Monday,False,False,22,4,Jan 2024,202401
2024-01-23,2024,1,Jan,1,Q1,10,4,2023,1,Tuesday,False,False,23,4,Jan 2024,202401
2024-01-24,2024,1,Jan,1,Q1,10,4,2023,2,Wednesday,False,False,24,4,Jan 2024,202401
2024-01-25,2024,1,Jan,1,Q1,10,4,2023,3,Thursday,False,False,25,4,Jan 2024,202401
2024-01-26,2024,1,Jan,1,Q1,10,4,2023,4,Friday,False,False,26,4,Jan 2024,202401
2024-01-27,2024,1,Jan,1,Q1,10,4,2023,5,Saturday,True,False,27,4,Jan 2024,202401
2024-01-28,2024,1,Jan,1,Q1,10,4,2023,6,Sunday,True,False,28,4,Jan 2024,202401
2024-01-29,2024,1,Jan,1,Q1,10,4,2023,0,Monday,False,False,29,5,Jan 2024,202401
2024-01-30,2024,1,Jan,1,Q1,10,4,2023,1,Tuesday,False,False,30,5,Jan 2024,202401
2024-01-31,2024,1,Jan,1,Q1,10,4,2023,2,Wednesday,False,False,31,5,Jan 2024,202401
2024-02-01,2024,2,Feb,1,Q1,11,4,2023,3,Thursday,False,False,32,5,Feb 2024,202402
2024-02-02,2024,2,Feb,1,Q1,11,4,2023,4,Friday,False,False,33,5,Feb 2024,202402
2024-02-03,2024,2,Feb,1,Q1,11,4,2023,5,Saturday,True,False,34,5,Feb 2024,202402
2024-02-04,2024,2,Feb,1,Q1,11,4,2023,6,Sunday,True,False,35,5,Feb 2024,202402
2024-02-05,2024,2,Feb,1,Q1,11,4,2023,0,Monday,False,False,36,6,Feb 2024,202402
2024-02-06,2024,2,Feb,1,Q1,11,4,2023,1,Tuesday,False,False,37,6,Feb 2024,202402
2024-02-07,2024,2,Feb,1,Q1,11,4,2023,2,Wednesday,False,False,38,6,Feb 2024,202402
2024-02-08,2024,2,Feb,1,Q1,11,4,2023,3,Thursday,False,False,39,6,Feb 2024,202402
2024-02-09,2024,2,Feb,1,Q1,11,4,2023,4,Friday,False,False,40,6,Feb 2024,202402
2024-02-10,2024,2,Feb,1,Q1,11,4,2023,5,Saturday,True,False,41,6,Feb 2024,202402
2024-02-11,2024,2,Feb,1,Q1,11,4,2023,6,Sunday,True,False,42,6,Feb 2024,202402
2024-02-12,2024,2,Feb,1,Q1,11,4,2023,0,Monday,False,False,43,7,Feb 2024,202402
2024-02-13,2024,2,Feb,1,Q1,11,4,2023,1,Tuesday,False,False,44,7,Feb 2024,202402
2024-02-14,2024,2,Feb,1,Q1,11,4,2023,2,Wednesday,False,False,45,7,Feb 2024,202402
2024-02-15,2024,2,Feb,1,Q1,11,4,2023,3,Thursday,False,False,46,7,Feb 2024,202402
2024-02-16,2024,2,Feb,1,Q1,11,4,2023,4,Friday,False,False,47,7,Feb 2024,202402
2024-02-17,2024,2,Feb,1,Q1,11,4,2023,5,Saturday,True,False,48,7,Feb 2024,202402
2024-02-18,2024,2,Feb,1,Q1,11,4,2023,6,Sunday,True,False,49,7,Feb 2024,202402
2024-02-19,2024,2,Feb,1,Q1,11,4,2023,0,Monday,False,False,50,8,Feb 2024,202402
2024-02-20,2024,2,Feb,1,Q1,11,4,2023,1,Tuesday,False,False,51,8,Feb 2024,202402
2024-02-21,2024,2,Feb,1,Q1,11,4,2023,2,Wednesday,False,False,52,8,Feb 2024,202402
2024-02-22,2024,2,Feb,1,Q1,11,4,2023,3,Thursday,False,False,53,8,Feb 2024,202402
2024-02-23,2024,2,Feb,1,Q1,11,4,2023,4,Friday,False,False,54,8,Feb 2024,202402
2024-02-24,2024,2,Feb,1,Q1,11,4,2023,5,Saturday,True,False,55,8,Feb 2024,202402
2024-02-25,2024,2,Feb,1,Q1,11,4,2023,6,Sunday,True,False,56,8,Feb 2024,202402
2024-02-26,2024,2,Feb,1,Q1,11,4,2023,0,Monday,False,False,57,9,Feb 2024,202402
2024-02-27,2024,2,Feb,1,Q1,11,4,2023,1,Tuesday,False,False,58,9,Feb 2024,202402
2024-02-28,2024,2,Feb,1,Q1,11,4,2023,2,Wednesday,False,False,59,9,Feb 2024,202402
2024-02-29,2024,2,Feb,1,Q1,11,4,2023,3,Thursday,False,False,60,9,Feb 2024,202402
2024-03-01,2024,3,Mar,1,Q1,12,4,2023,4,Friday,False,False,61,9,Mar 2024,202403
2024-03-02,2024,3,Mar,1,Q1,12,4,2023,5,Saturday,True,False,62,9,Mar 2024,202403
2024-03-03,2024,3,Mar,1,Q1,12,4,2023,6,Sunday,True,False,63,9,Mar 2024,202403
2024-03-04,2024,3,Mar,1,Q1,12,4,2023,0,Monday,False,False,64,10,Mar 2024,202403
2024-03-05,2024,3,Mar,1,Q1,12,4,2023,1,Tuesday,False,False,65,10,Mar 2024,202403
2024-03-06,2024,3,Mar,1,Q1,12,4,2023,2,Wednesday,False,False,66,10,Mar 2024,202403
2024-03-07,2024,3,Mar,1,Q1,12,4,2023,3,Thursday,False,False,67,10,Mar 2024,202403
2024-03-08,2024,3,Mar,1,Q1,12,4,2023,4,Friday,False,False,68,10,Mar 2024,202403
2024-03-09,2024,3,Mar,1,Q1,12,4,2023,5,Saturday,True,False,69,10,Mar 2024,202403
2024-03-10,2024,3,Mar,1,Q1,12,4,2023,6,Sunday,True,False,70,10,Mar 2024,202403
2024-03-11,2024,3,Mar,1,Q1,12,4,2023,0,Monday,False,False,71,11,Mar 2024,202403
2024-03-12,2024,3,Mar,1,Q1,12,4,2023,1,Tuesday,False,False,72,11,Mar 2024,202403
2024-03-13,2024,3,Mar,1,Q1,12,4,2023,2,Wednesday,False,False,73,11,Mar 2024,202403
2024-03-14,2024,3,Mar,1,Q1,12,4,2023,3,Thursday,False,False,74,11,Mar 2024,202403
2024-03-15,2024,3,Mar,1,Q1,12,4,2023,4,Friday,False,False,75,11,Mar 2024,202403
2024-03-16,2024,3,Mar,1,Q1,12,4,2023,5,Saturday,True,False,76,11,Mar 2024,202403
2024-03-17,2024,3,Mar,1,Q1,12,4,2023,6,Sunday,True,False,77,11,Mar 2024,202403
2024-03-18,2024,3,Mar,1,Q1,12,4,2023,0,Monday,False,False,78,12,Mar 2024,202403
2024-03-19,2024,3,Mar,1,Q1,12,4,2023,1,Tuesday,False,False,79,12,Mar 2024,202403
2024-03-20,2024,3,Mar,1,Q1,12,4,2023,2,Wednesday,False,False,80,12,Mar 2024,202403
2024-03-21,2024,3,Mar,1,Q1,12,4,2023,3,Thursday,False,False,81,12,Mar 2024,202403
2024-03-22,2024,3,Mar,1,Q1,12,4,2023,4,Friday,False,False,82,12,Mar 2024,202403
2024-03-23,2024,3,Mar,1,Q1,12,4,2023,5,Saturday,True,False,83,12,Mar 2024,202403
2024-03-24,2024,3,Mar,1,Q1,12,4,2023,6,Sunday,True,False,84,12,Mar 2024,202403
2024-03-25,2024,3,Mar,1,Q1,12,4,2023,0,Monday,False,False,85,13,Mar 2024,202403
2024-03-26,2024,3,Mar,1,Q1,12,4,2023,1,Tuesday,False,False,86,13,Mar 2024,202403
2024-03-27,2024,3,Mar,1,Q1,12,4,2023,2,Wednesday,False,False,87,13,Mar 2024,202403
2024-03-28,2024,3,Mar,1,Q1,12,4,2023,3,Thursday,False,False,88,13,Mar 2024,202403
2024-03-29,2024,3,Mar,1,Q1,12,4,2023,4,Friday,False,True,89,13,Mar 2024,202403
2024-03-30,2024,3,Mar,1,Q1,12,4,2023,5,Saturday,True,False,90,13,Mar 2024,202403
2024-03-31,2024,3,Mar,1,Q1,12,4,2023,6,Sunday,True,False,91,13,Mar 2024,202403
2024-04-01,2024,4,Apr,2,Q2,1,1,2024,0,Monday,False,True,92,14,Apr 2024,202404
2024-04-02,2024,4,Apr,2,Q2,1,1,2024,1,Tuesday,False,False,93,14,Apr 2024,202404
2024-04-03,2024,4,Apr,2,Q2,1,1,2024,2,Wednesday,False,False,94,14,Apr 2024,202404
2024-04-04,2024,4,Apr,2,Q2,1,1,2024,3,Thursday,False,False,95,14,Apr 2024,202404
2024-04-05,2024,4,Apr,2,Q2,1,1,2024,4,Friday,False,False,96,14,Apr 2024,202404
2024-04-06,2024,4,Apr,2,Q2,1,1,2024,5,Saturday,True,False,97,14,Apr 2024,202404
2024-04-07,2024,4,Apr,2,Q2,1,1,2024,6,Sunday,True,False,98,14,Apr 2024,202404
2024-04-08,2024,4,Apr,2,Q2,1,1,2024,0,Monday,False,False,99,15,Apr 2024,202404
2024-04-09,2024,4,Apr,2,Q2,1,1,2024,1,Tuesday,False,False,100,15,Apr 2024,202404
2024-04-10,2024,4,Apr,2,Q2,1,1,2024,2,Wednesday,False,False,101,15,Apr 2024,202404
2024-04-11,2024,4,Apr,2,Q2,1,1,2024,3,Thursday,False,False,102,15,Apr 2024,202404
2024-04-12,2024,4,Apr,2,Q2,1,1,2024,4,Friday,False,False,103,15,Apr 2024,202404
2024-04-13,2024,4,Apr,2,Q2,1,1,2024,5,Saturday,True,False,104,15,Apr 2024,202404
2024-04-14,2024,4,Apr,2,Q2,1,1,2024,6,Sunday,True,False,105,15,Apr 2024,202404
2024-04-15,2024,4,Apr,2,Q2,1,1,2024,0,Monday,False,False,106,16,Apr 2024,202404
2024-04-16,2024,4,Apr,2,Q2,1,1,2024,1,Tuesday,False,False,107,16,Apr 2024,202404
2024-04-17,2024,4,Apr,2,Q2,1,1,2024,2,Wednesday,False,False,108,16,Apr 2024,202404
2024-04-18,2024,4,Apr,2,Q2,1,1,2024,3,Thursday,False,False,109,16,Apr 2024,202404
2024-04-19,2024,4,Apr,2,Q2,1,1,2024,4,Friday,False,False,110,16,Apr 2024,202404
2024-04-20,2024,4,Apr,2,Q2,1,1,2024,5,Saturday,True,False,111,16,Apr 2024,202404
2024-04-21,2024,4,Apr,2,Q2,1,1,2024,6,Sunday,True,False,112,16,Apr 2024,202404
2024-04-22,2024,4,Apr,2,Q2,1,1,2024,0,Monday,False,False,113,17,Apr 2024,202404
2024-04-23,2024,4,Apr,2,Q2,1,1,2024,1,Tuesday,False,False,114,17,Apr 2024,202404
2024-04-24,2024,4,Apr,2,Q2,1,1,2024,2,Wednesday,False,False,115,17,Apr 2024,202404
2024-04-25,2024,4,Apr,2,Q2,1,1,2024,3,Thursday,False,False,116,17,Apr 2024,202404
2024-04-26,2024,4,Apr,2,Q2,1,1,2024,4,Friday,False,False,117,17,Apr 2024,202404
2024-04-27,2024,4,Apr,2,Q2,1,1,2024,5,Saturday,True,False,118,17,Apr 2024,202404
2024-04-28,2024,4,Apr,2,Q2,1,1,2024,6,Sunday,True,False,119,17,Apr 2024,202404
2024-04-29,2024,4,Apr,2,Q2,1,1,2024,0,Monday,False,False,120,18,Apr 2024,202404
2024-04-30,2024,4,Apr,2,Q2,1,1,2024,1,Tuesday,False,False,121,18,Apr 2024,202404
2024-05-01,2024,5,May,2,Q2,2,1,2024,2,Wednesday,False,True,122,18,May 2024,202405
2024-05-02,2024,5,May,2,Q2,2,1,2024,3,Thursday,False,False,123,18,May 2024,202405
2024-05-03,2024,5,May,2,Q2,2,1,2024,4,Friday,False,False,124,18,May 2024,202405
2024-05-04,2024,5,May,2,Q2,2,1,2024,5,Saturday,True,False,125,18,May 2024,202405
2024-05-05,2024,5,May,2,Q2,2,1,2024,6,Sunday,True,False,126,18,May 2024,202405
2024-05-06,2024,5,May,2,Q2,2,1,2024,0,Monday,False,True,127,19,May 2024,202405
2024-05-07,2024,5,May,2,Q2,2,1,2024,1,Tuesday,False,False,128,19,May 2024,202405
2024-05-08,2024,5,May,2,Q2,2,1,2024,2,Wednesday,False,False,129,19,May 2024,202405
2024-05-09,2024,5,May,2,Q2,2,1,2024,3,Thursday,False,False,130,19,May 2024,202405
2024-05-10,2024,5,May,2,Q2,2,1,2024,4,Friday,False,False,131,19,May 2024,202405
2024-05-11,2024,5,May,2,Q2,2,1,2024,5,Saturday,True,False,132,19,May 2024,202405
2024-05-12,2024,5,May,2,Q2,2,1,2024,6,Sunday,True,False,133,19,May 2024,202405
2024-05-13,2024,5,May,2,Q2,2,1,2024,0,Monday,False,False,134,20,May 2024,202405
2024-05-14,2024,5,May,2,Q2,2,1,2024,1,Tuesday,False,False,135,20,May 2024,202405
2024-05-15,2024,5,May,2,Q2,2,1,2024,2,Wednesday,False,False,136,20,May 2024,202405
2024-05-16,2024,5,May,2,Q2,2,1,2024,3,Thursday,False,False,137,20,May 2024,202405
2024-05-17,2024,5,May,2,Q2,2,1,2024,4,Friday,False,False,138,20,May 2024,202405
2024-05-18,2024,5,May,2,Q2,2,1,2024,5,Saturday,True,False,139,20,May 2024,202405
2024-05-19,2024,5,May,2,Q2,2,1,2024,6,Sunday,True,False,140,20,May 2024,202405
2024-05-20,2024,5,May,2,Q2,2,1,2024,0,Monday,False,False,141,21,May 2024,202405
2024-05-21,2024,5,May,2,Q2,2,1,2024,1,Tuesday,False,False,142,21,May 2024,202405
2024-05-22,2024,5,May,2,Q2,2,1,2024,2,Wednesday,False,False,143,21,May 2024,202405
2024-05-23,2024,5,May,2,Q2,2,1,2024,3,Thursday,False,False,144,21,May 2024,202405
2024-05-24,2024,5,May,2,Q2,2,1,2024,4,Friday,False,False,145,21,May 2024,202405
2024-05-25,2024,5,May,2,Q2,2,1,2024,5,Saturday,True,False,146,21,May 2024,202405
2024-05-26,2024,5,May,2,Q2,2,1,2024,6,Sunday,True,False,147,21,May 2024,202405
2024-05-27,2024,5,May,2,Q2,2,1,2024,0,Monday,False,True,148,22,May 2024,202405
2024-05-28,2024,5,May,2,Q2,2,1,2024,1,Tuesday,False,False,149,22,May 2024,202405
2024-05-29,2024,5,May,2,Q2,2,1,2024,2,Wednesday,False,False,150,22,May 2024,202405
2024-05-30,2024,5,May,2,Q2,2,1,2024,3,Thursday,False,False,151,22,May 2024,202405
2024-05-31,2024,5,May,2,Q2,2,1,2024,4,Friday,False,False,152,22,May 2024,202405
2024-06-01,2024,6,Jun,2,Q2,3,1,2024,5,Saturday,True,False,153,22,Jun 2024,202406
2024-06-02,2024,6,Jun,2,Q2,3,1,2024,6,Sunday,True,False,154,22,Jun 2024,202406
2024-06-03,2024,6,Jun,2,Q2,3,1,2024,0,Monday,False,False,155,23,Jun 2024,202406
2024-06-04,2024,6,Jun,2,Q2,3,1,2024,1,Tuesday,False,False,156,23,Jun 2024,202406
2024-06-05,2024,6,Jun,2,Q2,3,1,2024,2,Wednesday,False,False,157,23,Jun 2024,202406
2024-06-06,2024,6,Jun,2,Q2,3,1,2024,3,Thursday,False,False,158,23,Jun 2024,202406
2024-06-07,2024,6,Jun,2,Q2,3,1,2024,4,Friday,False,False,159,23,Jun 2024,202406
2024-06-08,2024,6,Jun,2,Q2,3,1,2024,5,Saturday,True,False,160,23,Jun 2024,202406
2024-06-09,2024,6,Jun,2,Q2,3,1,2024,6,Sunday,True,False,161,23,Jun 2024,202406
2024-06-10,2024,6,Jun,2,Q2,3,1,2024,0,Monday,False,False,162,24,Jun 2024,202406
2024-06-11,2024,6,Jun,2,Q2,3,1,2024,1,Tuesday,False,False,163,24,Jun 2024,202406
2024-06-12,2024,6,Jun,2,Q2,3,1,2024,2,Wednesday,False,False,164,24,Jun 2024,202406
2024-06-13,2024,6,Jun,2,Q2,3,1,2024,3,Thursday,False,False,165,24,Jun 2024,202406
2024-06-14,2024,6,Jun,2,Q2,3,1,2024,4,Friday,False,False,166,24,Jun 2024,202406
2024-06-15,2024,6,Jun,2,Q2,3,1,2024,5,Saturday,True,False,167,24,Jun 2024,202406
2024-06-16,2024,6,Jun,2,Q2,3,1,2024,6,Sunday,True,False,168,24,Jun 2024,202406
2024-06-17,2024,6,Jun,2,Q2,3,1,2024,0,Monday,False,False,169,25,Jun 2024,202406
2024-06-18,2024,6,Jun,2,Q2,3,1,2024,1,Tuesday,False,False,170,25,Jun 2024,202406
2024-06-19,2024,6,Jun,2,Q2,3,1,2024,2,Wednesday,False,False,171,25,Jun 2024,202406
2024-06-20,2024,6,Jun,2,Q2,3,1,2024,3,Thursday,False,False,172,25,Jun 2024,202406
2024-06-21,2024,6,Jun,2,Q2,3,1,2024,4,Friday,False,False,173,25,Jun 2024,202406
2024-06-22,2024,6,Jun,2,Q2,3,1,2024,5,Saturday,True,False,174,25,Jun 2024,202406
2024-06-23,2024,6,Jun,2,Q2,3,1,2024,6,Sunday,True,False,175,25,Jun 2024,202406
2024-06-24,2024,6,Jun,2,Q2,3,1,2024,0,Monday,False,False,176,26,Jun 2024,202406
2024-06-25,2024,6,Jun,2,Q2,3,1,2024,1,Tuesday,False,False,177,26,Jun 2024,202406
2024-06-26,2024,6,Jun,2,Q2,3,1,2024,2,Wednesday,False,False,178,26,Jun 2024,202406
2024-06-27,2024,6,Jun,2,Q2,3,1,2024,3,Thursday,False,False,179,26,Jun 2024,202406
2024-06-28,2024,6,Jun,2,Q2,3,1,2024,4,Friday,False,False,180,26,Jun 2024,202406
2024-06-29,2024,6,Jun,2,Q2,3,1,2024,5,Saturday,True,False,181,26,Jun 2024,202406
2024-06-30,2024,6,Jun,2,Q2,3,1,2024,6,Sunday,True,False,182,26,Jun 2024,202406
2024-07-01,2024,7,Jul,3,Q3,4,2,2024,0,Monday,False,False,183,27,Jul 2024,202407
2024-07-02,2024,7,Jul,3,Q3,4,2,2024,1,Tuesday,False,False,184,27,Jul 2024,202407
2024-07-03,2024,7,Jul,3,Q3,4,2,2024,2,Wednesday,False,False,185,27,Jul 2024,202407
2024-07-04,2024,7,Jul,3,Q3,4,2,2024,3,Thursday,False,False,186,27,Jul 2024,202407
2024-07-05,2024,7,Jul,3,Q3,4,2,2024,4,Friday,False,False,187,27,Jul 2024,202407
2024-07-06,2024,7,Jul,3,Q3,4,2,2024,5,Saturday,True,False,188,27,Jul 2024,202407
2024-07-07,2024,7,Jul,3,Q3,4,2,2024,6,Sunday,True,False,189,27,Jul 2024,202407
2024-07-08,2024,7,Jul,3,Q3,4,2,2024,0,Monday,False,False,190,28,Jul 2024,202407
2024-07-09,2024,7,Jul,3,Q3,4,2,2024,1,Tuesday,False,False,191,28,Jul 2024,202407
2024-07-10,2024,7,Jul,3,Q3,4,2,2024,2,Wednesday,False,False,192,28,Jul 2024,202407
2024-07-11,2024,7,Jul,3,Q3,4,2,2024,3,Thursday,False,False,193,28,Jul 2024,202407
2024-07-12,2024,7,Jul,3,Q3,4,2,2024,4,Friday,False,False,194,28,Jul 2024,202407
2024-07-13,2024,7,Jul,3,Q3,4,2,2024,5,Saturday,True,False,195,28,Jul 2024,202407
2024-07-14,2024,7,Jul,3,Q3,4,2,2024,6,Sunday,True,False,196,28,Jul 2024,202407
2024-07-15,2024,7,Jul,3,Q3,4,2,2024,0,Monday,False,True,197,29,Jul 2024,202407
2024-07-16,2024,7,Jul,3,Q3,4,2,2024,1,Tuesday,False,False,198,29,Jul 2024,202407
2024-07-17,2024,7,Jul,3,Q3,4,2,2024,2,Wednesday,False,False,199,29,Jul 2024,202407
2024-07-18,2024,7,Jul,3,Q3,4,2,2024,3,Thursday,False,False,200,29,Jul 2024,202407
2024-07-19,2024,7,Jul,3,Q3,4,2,2024,4,Friday,False,False,201,29,Jul 2024,202407
2024-07-20,2024,7,Jul,3,Q3,4,2,2024,5,Saturday,True,False,202,29,Jul 2024,202407
2024-07-21,2024,7,Jul,3,Q3,4,2,2024,6,Sunday,True,False,203,29,Jul 2024,202407
2024-07-22,2024,7,Jul,3,Q3,4,2,2024,0,Monday,False,False,204,30,Jul 2024,202407
2024-07-23,2024,7,Jul,3,Q3,4,2,2024,1,Tuesday,False,False,205,30,Jul 2024,202407
2024-07-24,2024,7,Jul,3,Q3,4,2,2024,2,Wednesday,False,False,206,30,Jul 2024,202407
2024-07-25,2024,7,Jul,3,Q3,4,2,2024,3,Thursday,False,False,207,30,Jul 2024,202407
2024-07-26,2024,7,Jul,3,Q3,4,2,2024,4,Friday,False,False,208,30,Jul 2024,202407
2024-07-27,2024,7,Jul,3,Q3,4,2,2024,5,Saturday,True,False,209,30,Jul 2024,202407
2024-07-28,2024,7,Jul,3,Q3,4,2,2024,6,Sunday,True,False,210,30,Jul 2024,202407
2024-07-29,2024,7,Jul,3,Q3,4,2,2024,0,Monday,False,False,211,31,Jul 2024,202407
2024-07-30,2024,7,Jul,3,Q3,4,2,2024,1,Tuesday,False,False,212,31,Jul 2024,202407
2024-07-31,2024,7,Jul,3,Q3,4,2,2024,2,Wednesday,False,False,213,31,Jul 2024,202407
2024-08-01,2024,8,Aug,3,Q3,5,2,2024,3,Thursday,False,False,214,31,Aug 2024,202408
2024-08-02,2024,8,Aug,3,Q3,5,2,2024,4,Friday,False,False,215,31,Aug 2024,202408
2024-08-03,2024,8,Aug,3,Q3,5,2,2024,5,Saturday,True,False,216,31,Aug 2024,202408
2024-08-04,2024,8,Aug,3,Q3,5,2,2024,6,Sunday,True,False,217,31,Aug 2024,202408
2024-08-05,2024,8,Aug,3,Q3,5,2,2024,0,Monday,False,False,218,32,Aug 2024,202408
2024-08-06,2024,8,Aug,3,Q3,5,2,2024,1,Tuesday,False,False,219,32,Aug 2024,202408
2024-08-07,2024,8,Aug,3,Q3,5,2,2024,2,Wednesday,False,False,220,32,Aug 2024,202408
2024-08-08,2024,8,Aug,3,Q3,5,2,2024,3,Thursday,False,False,221,32,Aug 2024,202408
2024-08-09,2024,8,Aug,3,Q3,5,2,2024,4,Friday,False,False,222,32,Aug 2024,202408
2024-08-10,2024,8,Aug,3,Q3,5,2,2024,5,Saturday,True,False,223,32,Aug 2024,202408
2024-08-11,2024,8,Aug,3,Q3,5,2,2024,6,Sunday,True,False,224,32,Aug 2024,202408
2024-08-12,2024,8,Aug,3,Q3,5,2,2024,0,Monday,False,False,225,33,Aug 2024,202408
2024-08-13,2024,8,Aug,3,Q3,5,2,2024,1,Tuesday,False,False,226,33,Aug 2024,202408
2024-08-14,2024,8,Aug,3,Q3,5,2,2024,2,Wednesday,False,False,227,33,Aug 2024,202408
2024-08-15,2024,8,Aug,3,Q3,5,2,2024,3,Thursday,False,False,228,33,Aug 2024,202408
2024-08-16,2024,8,Aug,3,Q3,5,2,2024,4,Friday,False,False,229,33,Aug 2024,202408
2024-08-17,2024,8,Aug,3,Q3,5,2,2024,5,Saturday,True,False,230,33,Aug 2024,202408
2024-08-18,2024,8,Aug,3,Q3,5,2,2024,6,Sunday,True,False,231,33,Aug 2024,202408
2024-08-19,2024,8,Aug,3,Q3,5,2,2024,0,Monday,False,False,232,34,Aug 2024,202408
2024-08-20,2024,8,Aug,3,Q3,5,2,2024,1,Tuesday,False,False,233,34,Aug 2024,202408
2024-08-21,2024,8,Aug,3,Q3,5,2,2024,2,Wednesday,False,False,234,34,Aug 2024,202408
2024-08-22,2024,8,Aug,3,Q3,5,2,2024,3,Thursday,False,False,235,34,Aug 2024,202408
2024-08-23,2024,8,Aug,3,Q3,5,2,2024,4,Friday,False,False,236,34,Aug 2024,202408
2024-08-24,2024,8,Aug,3,Q3,5,2,2024,5,Saturday,True,False,237,34,Aug 2024,202408
2024-08-25,2024,8,Aug,3,Q3,5,2,2024,6,Sunday,True,False,238,34,Aug 2024,202408
2024-08-26,2024,8,Aug,3,Q3,5,2,2024,0,Monday,False,True,239,35,Aug 2024,202408
2024-08-27,2024,8,Aug,3,Q3,5,2,2024,1,Tuesday,False,False,240,35,Aug 2024,202408
2024-08-28,2024,8,Aug,3,Q3,5,2,2024,2,Wednesday,False,False,241,35,Aug 2024,202408
2024-08-29,2024,8,Aug,3,Q3,5,2,2024,3,Thursday,False,False,242,35,Aug 2024,202408
2024-08-30,2024,8,Aug,3,Q3,5,2,2024,4,Friday,False,False,243,35,Aug 2024,202408
2024-08-31,2024,8,Aug,3,Q3,5,2,2024,5,Saturday,True,False,244,35,Aug 2024,202408
2024-09-01,2024,9,Sep,3,Q3,6,2,2024,6,Sunday,True,False,245,35,Sep 2024,202409
2024-09-02,2024,9,Sep,3,Q3,6,2,2024,0,Monday,False,False,246,36,Sep 2024,202409
2024-09-03,2024,9,Sep,3,Q3,6,2,2024,1,Tuesday,False,False,247,36,Sep 2024,202409
2024-09-04,2024,9,Sep,3,Q3,6,2,2024,2,Wednesday,False,False,248,36,Sep 2024,202409
2024-09-05,2024,9,Sep,3,Q3,6,2,2024,3,Thursday,False,False,249,36,Sep 2024,202409
2024-09-06,2024,9,Sep,3,Q3,6,2,2024,4,Friday,False,False,250,36,Sep 2024,202409
2024-09-07,2024,9,Sep,3,Q3,6,2,2024,5,Saturday,True,False,251,36,Sep 2024,202409
2024-09-08,2024,9,Sep,3,Q3,6,2,2024,6,Sunday,True,False,252,36,Sep 2024,202409
2024-09-09,2024,9,Sep,3,Q3,6,2,2024,0,Monday,False,False,253,37,Sep 2024,202409
2024-09-10,2024,9,Sep,3,Q3,6,2,2024,1,Tuesday,False,False,254,37,Sep 2024,202409
2024-09-11,2024,9,Sep,3,Q3,6,2,2024,2,Wednesday,False,False,255,37,Sep 2024,202409
2024-09-12,2024,9,Sep,3,Q3,6,2,2024,3,Thursday,False,False,256,37,Sep 2024,202409
2024-09-13,2024,9,Sep,3,Q3,6,2,2024,4,Friday,False,False,257,37,Sep 2024,202409
2024-09-14,2024,9,Sep,3,Q3,6,2,2024,5,Saturday,True,False,258,37,Sep 2024,202409
2024-09-15,2024,9,Sep,3,Q3,6,2,2024,6,Sunday,True,False,259,37,Sep 2024,202409
2024-09-16,2024,9,Sep,3,Q3,6,2,2024,0,Monday,False,False,260,38,Sep 2024,202409
2024-09-17,2024,9,Sep,3,Q3,6,2,2024,1,Tuesday,False,False,261,38,Sep 2024,202409
2024-09-18,2024,9,Sep,3,Q3,6,2,2024,2,Wednesday,False,False,262,38,Sep 2024,202409
2024-09-19,2024,9,Sep,3,Q3,6,2,2024,3,Thursday,False,False,263,38,Sep 2024,202409
2024-09-20,2024,9,Sep,3,Q3,6,2,2024,4,Friday,False,False,264,38,Sep 2024,202409
2024-09-21,2024,9,Sep,3,Q3,6,2,2024,5,Saturday,True,False,265,38,Sep 2024,202409
2024-09-22,2024,9,Sep,3,Q3,6,2,2024,6,Sunday,True,False,266,38,Sep 2024,202409
2024-09-23,2024,9,Sep,3,Q3,6,2,2024,0,Monday,False,False,267,39,Sep 2024,202409
2024-09-24,2024,9,Sep,3,Q3,6,2,2024,1,Tuesday,False,False,268,39,Sep 2024,202409
2024-09-25,2024,9,Sep,3,Q3,6,2,2024,2,Wednesday,False,False,269,39,Sep 2024,202409
2024-09-26,2024,9,Sep,3,Q3,6,2,2024,3,Thursday,False,False,270,39,Sep 2024,202409
2024-09-27,2024,9,Sep,3,Q3,6,2,2024,4,Friday,False,False,271,39,Sep 2024,202409
2024-09-28,2024,9,Sep,3,Q3,6,2,2024,5,Saturday,True,False,272,39,Sep 2024,202409
2024-09-29,2024,9,Sep,3,Q3,6,2,2024,6,Sunday,True,False,273,39,Sep 2024,202409
2024-09-30,2024,9,Sep,3,Q3,6,2,2024,0,Monday,False,False,274,40,Sep 2024,202409
2024-10-01,2024,10,Oct,4,Q4,7,3,2024,1,Tuesday,False,False,275,40,Oct 2024,202410
2024-10-02,2024,10,Oct,4,Q4,7,3,2024,2,Wednesday,False,False,276,40,Oct 2024,202410
2024-10-03,2024,10,Oct,4,Q4,7,3,2024,3,Thursday,False,True,277,40,Oct 2024,202410
2024-10-04,2024,10,Oct,4,Q4,7,3,2024,4,Friday,False,False,278,40,Oct 2024,202410
2024-10-05,2024,10,Oct,4,Q4,7,3,2024,5,Saturday,True,False,279,40,Oct 2024,202410
2024-10-06,2024,10,Oct,4,Q4,7,3,2024,6,Sunday,True,False,280,40,Oct 2024,202410
2024-10-07,2024,10,Oct,4,Q4,7,3,2024,0,Monday,False,False,281,41,Oct 2024,202410
2024-10-08,2024,10,Oct,4,Q4,7,3,2024,1,Tuesday,False,False,282,41,Oct 2024,202410
2024-10-09,2024,10,Oct,4,Q4,7,3,2024,2,Wednesday,False,False,283,41,Oct 2024,202410
2024-10-10,2024,10,Oct,4,Q4,7,3,2024,3,Thursday,False,False,284,41,Oct 2024,202410
2024-10-11,2024,10,Oct,4,Q4,7,3,2024,4,Friday,False,False,285,41,Oct 2024,202410
2024-10-12,2024,10,Oct,4,Q4,7,3,2024,5,Saturday,True,False,286,41,Oct 2024,202410
2024-10-13,2024,10,Oct,4,Q4,7,3,2024,6,Sunday,True,False,287,41,Oct 2024,202410
2024-10-14,2024,10,Oct,4,Q4,7,3,2024,0,Monday,False,True,288,42,Oct 2024,202410
2024-10-15,2024,10,Oct,4,Q4,7,3,2024,1,Tuesday,False,False,289,42,Oct 2024,202410
2024-10-16,2024,10,Oct,4,Q4,7,3,2024,2,Wednesday,False,False,290,42,Oct 2024,202410
2024-10-17,2024,10,Oct,4,Q4,7,3,2024,3,Thursday,False,False,291,42,Oct 2024,202410
2024-10-18,2024,10,Oct,4,Q4,7,3,2024,4,Friday,False,False,292,42,Oct 2024,202410
2024-10-19,2024,10,Oct,4,Q4,7,3,2024,5,Saturday,True,False,293,42,Oct 2024,202410
2024-10-20,2024,10,Oct,4,Q4,7,3,2024,6,Sunday,True,False,294,42,Oct 2024,202410
2024-10-21,2024,10,Oct,4,Q4,7,3,2024,0,Monday,False,False,295,43,Oct 2024,202410
2024-10-22,2024,10,Oct,4,Q4,7,3,2024,1,Tuesday,False,False,296,43,Oct 2024,202410
2024-10-23,2024,10,Oct,4,Q4,7,3,2024,2,Wednesday,False,False,297,43,Oct 2024,202410
2024-10-24,2024,10,Oct,4,Q4,7,3,2024,3,Thursday,False,False,298,43,Oct 2024,202410
2024-10-25,2024,10,Oct,4,Q4,7,3,2024,4,Friday,False,False,299,43,Oct 2024,202410
2024-10-26,2024,10,Oct,4,Q4,7,3,2024,5,Saturday,True,False,300,43,Oct 2024,202410
2024-10-27,2024,10,Oct,4,Q4,7,3,2024,6,Sunday,True,False,301,43,Oct 2024,202410
2024-10-28,2024,10,Oct,4,Q4,7,3,2024,0,Monday,False,False,302,44,Oct 2024,202410
2024-10-29,2024,10,Oct,4,Q4,7,3,2024,1,Tuesday,False,False,303,44,Oct 2024,202410
2024-10-30,2024,10,Oct,4,Q4,7,3,2024,2,Wednesday,False,False,304,44,Oct 2024,202410
2024-10-31,2024,10,Oct,4,Q4,7,3,2024,3,Thursday,False,False,305,44,Oct 2024,202410
2024-11-01,2024,11,Nov,4,Q4,8,3,2024,4,Friday,False,True,306,44,Nov 2024,202411
2024-11-02,2024,11,Nov,4,Q4,8,3,2024,5,Saturday,True,False,307,44,Nov 2024,202411
2024-11-03,2024,11,Nov,4,Q4,8,3,2024,6,Sunday,True,False,308,44,Nov 2024,202411
2024-11-04,2024,11,Nov,4,Q4,8,3,2024,0,Monday,False,False,309,45,Nov 2024,202411
2024-11-05,2024,11,Nov,4,Q4,8,3,2024,1,Tuesday,False,False,310,45,Nov 2024,202411
2024-11-06,2024,11,Nov,4,Q4,8,3,2024,2,Wednesday,False,False,311,45,Nov 2024,202411
2024-11-07,2024,11,Nov,4,Q4,8,3,2024,3,Thursday,False,False,312,45,Nov 2024,202411
2024-11-08,2024,11,Nov,4,Q4,8,3,2024,4,Friday,False,False,313,45,Nov 2024,202411
2024-11-09,2024,11,Nov,4,Q4,8,3,2024,5,Saturday,True,False,314,45,Nov 2024,202411
2024-11-10,2024,11,Nov,4,Q4,8,3,2024,6,Sunday,True,False,315,45,Nov 2024,202411
2024-11-11,2024,11,Nov,4,Q4,8,3,2024,0,Monday,False,False,316,46,Nov 2024,202411
2024-11-12,2024,11,Nov,4,Q4,8,3,2024,1,Tuesday,False,False,317,46,Nov 2024,202411
2024-11-13,2024,11,Nov,4,Q4,8,3,2024,2,Wednesday,False,False,318,46,Nov 2024,202411
2024-11-14,2024,11,Nov,4,Q4,8,3,2024,3,Thursday,False,False,319,46,Nov 2024,202411
2024-11-15,2024,11,Nov,4,Q4,8,3,2024,4,Friday,False,False,320,46,Nov 2024,202411
2024-11-16,2024,11,Nov,4,Q4,8,3,2024,5,Saturday,True,False,321,46,Nov 2024,202411
2024-11-17,2024,11,Nov,4,Q4,8,3,2024,6,Sunday,True,False,322,46,Nov 2024,202411
2024-11-18,2024,11,Nov,4,Q4,8,3,2024,0,Monday,False,False,323,47,Nov 2024,202411
2024-11-19,2024,11,Nov,4,Q4,8,3,2024,1,Tuesday,False,False,324,47,Nov 2024,202411
2024-11-20,2024,11,Nov,4,Q4,8,3,2024,2,Wednesday,False,False,325,47,Nov 2024,202411
2024-11-21,2024,11,Nov,4,Q4,8,3,2024,3,Thursday,False,False,326,47,Nov 2024,202411
2024-11-22,2024,11,Nov,4,Q4,8,3,2024,4,Friday,False,False,327,47,Nov 2024,202411
2024-11-23,2024,11,Nov,4,Q4,8,3,2024,5,Saturday,True,False,328,47,Nov 2024,202411
2024-11-24,2024,11,Nov,4,Q4,8,3,2024,6,Sunday,True,False,329,47,Nov 2024,202411
2024-11-25,2024,11,Nov,4,Q4,8,3,2024,0,Monday,False,False,330,48,Nov 2024,202411
2024-11-26,2024,11,Nov,4,Q4,8,3,2024,1,Tuesday,False,False,331,48,Nov 2024,202411
2024-11-27,2024,11,Nov,4,Q4,8,3,2024,2,Wednesday,False,False,332,48,Nov 2024,202411
2024-11-28,2024,11,Nov,4,Q4,8,3,2024,3,Thursday,False,False,333,48,Nov 2024,202411
2024-11-29,2024,11,Nov,4,Q4,8,3,2024,4,Friday,False,False,334,48,Nov 2024,202411
2024-11-30,2024,11,Nov,4,Q4,8,3,2024,5,Saturday,True,False,335,48,Nov 2024,202411
2024-12-01,2024,12,Dec,4,Q4,9,3,2024,6,Sunday,True,False,336,48,Dec 2024,202412
2024-12-02,2024,12,Dec,4,Q4,9,3,2024,0,Monday,False,False,337,49,Dec 2024,202412
2024-12-03,2024,12,Dec,4,Q4,9,3,2024,1,Tuesday,False,False,338,49,Dec 2024,202412
2024-12-04,2024,12,Dec,4,Q4,9,3,2024,2,Wednesday,False,False,339,49,Dec 2024,202412
2024-12-05,2024,12,Dec,4,Q4,9,3,2024,3,Thursday,False,False,340,49,Dec 2024,202412
2024-12-06,2024,12,Dec,4,Q4,9,3,2024,4,Friday,False,True,341,49,Dec 2024,202412
2024-12-07,2024,12,Dec,4,Q4,9,3,2024,5,Saturday,True,False,342,49,Dec 2024,202412
2024-12-08,2024,12,Dec,4,Q4,9,3,2024,6,Sunday,True,False,343,49,Dec 2024,202412
2024-12-09,2024,12,Dec,4,Q4,9,3,2024,0,Monday,False,True,344,50,Dec 2024,202412
2024-12-10,2024,12,Dec,4,Q4,9,3,2024,1,Tuesday,False,False,345,50,Dec 2024,202412
2024-12-11,2024,12,Dec,4,Q4,9,3,2024,2,Wednesday,False,False,346,50,Dec 2024,202412
2024-12-12,2024,12,Dec,4,Q4,9,3,2024,3,Thursday,False,False,347,50,Dec 2024,202412
2024-12-13,2024,12,Dec,4,Q4,9,3,2024,4,Friday,False,False,348,50,Dec 2024,202412
2024-12-14,2024,12,Dec,4,Q4,9,3,2024,5,Saturday,True,False,349,50,Dec 2024,202412
2024-12-15,2024,12,Dec,4,Q4,9,3,2024,6,Sunday,True,False,350,50,Dec 2024,202412
2024-12-16,2024,12,Dec,4,Q4,9,3,2024,0,Monday,False,False,351,51,Dec 2024,202412
2024-12-17,2024,12,Dec,4,Q4,9,3,2024,1,Tuesday,False,False,352,51,Dec 2024,202412
2024-12-18,2024,12,Dec,4,Q4,9,3,2024,2,Wednesday,False,False,353,51,Dec 2024,202412
2024-12-19,2024,12,Dec,4,Q4,9,3,2024,3,Thursday,False,False,354,51,Dec 2024,202412
2024-12-20,2024,12,Dec,4,Q4,9,3,2024,4,Friday,False,False,355,51,Dec 2024,202412
2024-12-21,2024,12,Dec,4,Q4,9,3,2024,5,Saturday,True,False,356,51,Dec 2024,202412
2024-12-22,2024,12,Dec,4,Q4,9,3,2024,6,Sunday,True,False,357,51,Dec 2024,202412
2024-12-23,2024,12,Dec,4,Q4,9,3,2024,0,Monday,False,False,358,52,Dec 2024,202412
2024-12-24,2024,12,Dec,4,Q4,9,3,2024,1,Tuesday,False,False,359,52,Dec 2024,202412
2024-12-25,2024,12,Dec,4,Q4,9,3,2024,2,Wednesday,False,True,360,52,Dec 2024,202412
2024-12-26,2024,12,Dec,4,Q4,9,3,2024,3,Thursday,False,True,361,52,Dec 2024,202412
2024-12-27,2024,12,Dec,4,Q4,9,3,2024,4,Friday,False,False,362,52,Dec 2024,202412
2024-12-28,2024,12,Dec,4,Q4,9,3,2024,5,Saturday,True,False,363,52,Dec 2024,202412
2024-12-29,2024,12,Dec,4,Q4,9,3,2024,6,Sunday,True,False,364,52,Dec 2024,202412
2024-12-30,2024,12,Dec,4,Q4,9,3,2024,0,Monday,False,False,365,1,Dec 2024,202412
2024-12-31,2024,12,Dec,4,Q4,9,3,2024,1,Tuesday,False,False,366,1,Dec 2024,202412
